OBJECTID,NAME,Shape_Length,Shape_Area,GIS_ID
1,Anacostia,19915.536943131,15373541.948059,dcps_450
2,Ballou,32540.5541493893,24764911.0476974,dcps_452
3,Cardozo,20453.8317086134,12822519.5739415,dcps_454
4,Coolidge,15550.1279431729,8245663.10392991,dcps_455
5,Dunbar,26690.4635151805,22450947.5888482,dcps_467
6,Eastern,33766.0693259986,29584978.6913253,dcps_457
7,Roosevelt,16248.7860668874,10232001.3075452,dcps_459
8,Wilson,38215.1328382568,42922118.1182342,dcps_463
9,Woodson,15109.1955297519,11000450.4671138,dcps_426
